Organization,Followed On
Cy dream,Wed Sep 18 13:51:02 UTC 2024
Asma Yaprağı,Sun Jul 14 12:29:41 UTC 2024
"ECLIPSE Mimarlık, İnşaat LTD. ŞTİ.",Mon Apr 01 17:05:03 UTC 2024
Muse İstanbul,Sun Mar 24 21:35:42 UTC 2024
Blockville Digital Assets,Thu Mar 14 12:34:54 UTC 2024
ALM Corp ,Sat Feb 24 23:09:06 UTC 2024
Visa Cash App RB F1 Team,Fri Feb 09 04:30:24 UTC 2024
Sony,Mon Jan 08 13:23:43 UTC 2024
Lifemote,Mon Jan 08 13:07:52 UTC 2024
Driver61,Sun Jan 22 13:07:19 UTC 2023
trophi.ai,Sun Jan 22 13:07:08 UTC 2023
Türkiye Otomobil Sporları Federasyonu,Wed Jan 18 11:15:29 UTC 2023
Intercity İstanbul Park,Wed Jan 18 11:15:17 UTC 2023
TELUS Digital,Mon Jan 02 23:04:31 UTC 2023
Emsal Tercüme,Tue Dec 20 09:27:53 UTC 2022
Mechanist Games,Fri Oct 07 21:25:05 UTC 2022
NMQ Digital,Fri Oct 07 09:11:29 UTC 2022
Netflix,Wed Sep 28 11:25:59 UTC 2022
Pixel Production,Tue Sep 27 12:40:43 UTC 2022
TransPerfect,Fri Sep 02 09:23:39 UTC 2022
Appen,Thu Sep 01 14:43:20 UTC 2022
Maserati,Wed Aug 31 20:21:15 UTC 2022
Alfa Romeo,Wed Aug 31 20:21:15 UTC 2022
Mercedes-Benz AG,Wed Aug 31 20:21:15 UTC 2022
Aston Martin Lagonda Ltd,Wed Aug 31 20:21:12 UTC 2022
Scuderia Toro Rosso F1 Team,Wed Aug 31 20:21:09 UTC 2022
Porsche AG,Wed Aug 31 20:21:08 UTC 2022
McLaren Automotive Ltd,Wed Aug 31 20:21:07 UTC 2022
McLaren Group,Wed Aug 31 20:21:05 UTC 2022
Automobili Lamborghini S.p.A.,Wed Aug 31 20:21:04 UTC 2022
Alpine,Wed Aug 31 20:21:02 UTC 2022
MoneyGram Haas F1 Team,Wed Aug 31 20:20:59 UTC 2022
Scuderia AlphaTauri F1 Team,Wed Aug 31 20:20:58 UTC 2022
Williams Racing,Wed Aug 31 20:20:57 UTC 2022
Formula 1,Wed Aug 31 20:20:56 UTC 2022
Aston Martin F1 Team,Wed Aug 31 20:20:51 UTC 2022
McLaren Racing,Wed Aug 31 20:20:50 UTC 2022
Mercedes-AMG PETRONAS Formula One Team,Wed Aug 31 20:20:48 UTC 2022
Red Bull Racing & Red Bull Technology,Wed Aug 31 20:20:44 UTC 2022
Red Bull,Wed Aug 31 20:18:59 UTC 2022
TELUS Digital AI Data Solutions,Wed Aug 31 00:48:19 UTC 2022
TED Translators,Sun Jul 03 18:53:02 UTC 2022
LinkedIn,Tue May 24 06:28:35 UTC 2022
Amazon,Tue May 24 06:28:34 UTC 2022
RDS TERCÜME,Mon Feb 15 08:57:35 UTC 2021
Robert Kolej,Fri Jan 29 10:50:24 UTC 2021
Sisli Terakki Lisesi,Fri Jan 29 10:39:46 UTC 2021
İzmir Ekonomi Üniversitesi,Fri Jan 29 10:25:49 UTC 2021