Date/Time,Media Description,Media Link
"You uploaded a photo on February 6, 2025 at 10:18 PM (GMT)", -,https://media.licdn.com/dms/image/v2/D4D2DAQHWAa7GD6nqew/profile-treasury-image-shrink_1920_1920/B4DZTdV8bHG8Ac-/0/1738880305497?e=2147483647&v=beta&t=cyYL7lMBYmj_0q5WF-JWAApFsp77PO3995jM5IS-bZY
"You uploaded a photo on February 6, 2025 at 10:17 PM (GMT)", -,https://media.licdn.com/dms/image/v2/D4D2DAQHNnkjzR5IL4Q/profile-treasury-image-shrink_8192_8192/B4DZTdV16uHAAg-/0/1738880278523?e=2147483647&v=beta&t=7UDEkbpapLbYu5PHdacNU-6kpX5_cByvZG6N5ZfdjkE
"You uploaded a video on July 23, 2024 at 8:49 AM (GMT)", -,https://dms.licdn.com/playlist/vid/dynamic/D4D05AQFAWUkwRsYQzw/BAQDrDe1pWz?e=1743256800&v=beta&t=JZH70-vCHIedmWz3ZAZV5wrWN9KDMwTXBaosTXtpU_Y
"You uploaded a feed photo on July 9, 2024 at 9:49 AM (GMT)", -,https://media.licdn.com/dms/image/v2/D4D22AQEa95gmSEXZyQ/feedshare-shrink_2048_1536/feedshare-shrink_2048_1536/0/1720518581410?e=2147483647&v=beta&t=rCreZ7XWrRNJx3H9t4rnViZDqQiBMPTB0ZsY4CyB6i0
"You uploaded a feed photo on June 13, 2024 at 1:38 PM (GMT)", -,https://media.licdn.com/dms/image/v2/D4D22AQFpMssxI-1qGw/feedshare-shrink_2048_1536/feedshare-shrink_2048_1536/0/1718285885985?e=2147483647&v=beta&t=Bg1eF6FtDHUPGG0wMf_zpWjUdRFXFSQDBQjI1lyIHQs
"You uploaded a feed photo on June 13, 2024 at 12:32 PM (GMT)", -,https://media.licdn.com/dms/image/v2/D4D22AQGcSKQJfUX0Rg/feedshare-shrink_2048_1536/feedshare-shrink_2048_1536/0/1718281925945?e=2147483647&v=beta&t=GhGbQldfWNUe27wSfABLoJZwaDxeCYvBk4cw4U2jJEo
"You uploaded a feed photo on May 24, 2024 at 1:58 PM (GMT)", -,https://media.licdn.com/dms/image/v2/D5622AQGFed_zb4WMaA/feedshare-shrink_2048_1536/feedshare-shrink_2048_1536/0/1716559091983?e=2147483647&v=beta&t=d4GfG02WAM88DmkMfxq6KSBbAGmcBmbbqZSvaMvkS7Q
"You uploaded a feed photo on May 16, 2024 at 12:37 PM (GMT)", -,https://media.licdn.com/dms/image/v2/D4D22AQFWF3wxxFcgeg/feedshare-shrink_2048_1536/feedshare-shrink_2048_1536/0/1715863071184?e=2147483647&v=beta&t=NRU-9vr4ITgurmTJASUThiAhi33qkdSfQZgYnbtV5J4
"You uploaded a feed photo on May 10, 2024 at 6:38 AM (GMT)", -,https://media.licdn.com/dms/image/v2/D4D22AQGP4mwEIQLxlQ/feedshare-shrink_2048_1536/feedshare-shrink_2048_1536/0/1715323092506?e=2147483647&v=beta&t=P6hlWv_7k-rhLC0FV2uRNbvqZpWvLsALUfq35U8YE8A
"You uploaded a feed photo on May 10, 2024 at 6:38 AM (GMT)", -,https://media.licdn.com/dms/image/v2/D4D22AQF1upzCgZkgbw/feedshare-shrink_2048_1536/feedshare-shrink_2048_1536/0/1715323092455?e=2147483647&v=beta&t=rT5FenCnPRvPYXFiftfxbt4FZjR6O75rvWAk7nPAZuo
"You uploaded a feed photo on May 10, 2024 at 6:38 AM (GMT)", -,https://media.licdn.com/dms/image/v2/D4D22AQEO3uTCD5trmA/feedshare-shrink_2048_1536/feedshare-shrink_2048_1536/0/1715323093391?e=2147483647&v=beta&t=aXbz2URxINi_Re6C74bXA0A-PgvyMm4_pcIQMT9JMsU
"You uploaded a feed photo on May 7, 2024 at 1:46 PM (GMT)", -,https://media.licdn.com/dms/image/v2/D4D22AQFGplukbvLUgQ/feedshare-shrink_2048_1536/feedshare-shrink_2048_1536/0/1715089611294?e=2147483647&v=beta&t=pWfHPMX11wNEuvGF5UZcjx_bU8acynYXgkXo9K3NNtk
"You uploaded a feed photo on May 7, 2024 at 1:46 PM (GMT)", -,https://media.licdn.com/dms/image/v2/D4D22AQHzbLz-8pW-SA/feedshare-shrink_2048_1536/feedshare-shrink_2048_1536/0/1715089610922?e=2147483647&v=beta&t=bDxDu20UTjWb-Fjj6K3m92_SaBR_IrUwh5hel5yoa1w
"You uploaded a feed photo on May 7, 2024 at 1:46 PM (GMT)", -,https://media.licdn.com/dms/image/v2/D4D22AQEiJfgzQ53WLQ/feedshare-shrink_2048_1536/feedshare-shrink_2048_1536/0/1715089611081?e=2147483647&v=beta&t=L26EAtwKtKE_zYkDZ27g-vqR14Nl25T0Fn98UHjPkn0
"You uploaded a feed photo on May 7, 2024 at 1:46 PM (GMT)", -,https://media.licdn.com/dms/image/v2/D4D22AQGiHI-NOCCMWA/feedshare-shrink_2048_1536/feedshare-shrink_2048_1536/0/1715089605707?e=2147483647&v=beta&t=w-wqSKdvQCMqJGEa7YmJdIZhh_7m1ThTJwrCNhzI1po
"You uploaded a feed photo on April 30, 2024 at 7:23 AM (GMT)", -,https://media.licdn.com/dms/image/v2/D4D22AQEO-MA4ir-lTg/feedshare-shrink_2048_1536/feedshare-shrink_2048_1536/0/1714461839761?e=2147483647&v=beta&t=f1nqClt-r3s4mqMXsy7Nwxy82Hn994ldmSfjJEqL3YE
"You uploaded a photo on January 14, 2024 at 1:41 PM (GMT)", -,https://media.licdn.com/dms/image/v2/D4D2DAQFbVteHmlw3Kg/profile-treasury-image-shrink_8192_8192/profile-treasury-image-shrink_8192_8192/0/1705239680564?e=2147483647&v=beta&t=Fy21KpuSRYJUomnUayl469KsQVrgslUwCZ441YoQ_OY
"You uploaded a profile photo on September 12, 2022 at 1:49 PM (GMT)", -,https://media.licdn.com/dms/image/v2/C4D04AQEte0VRjvgV-A/profile-originalphoto-shrink_900_1200/profile-originalphoto-shrink_900_1200/0/1662990594764?e=1747872000&v=beta&t=mHMiJVvHXFxgnNSDLM2ZGLblGbp1Mio3hVPQ0_AU3_E
"You uploaded a profile photo on September 12, 2022 at 1:49 PM (GMT)", -,https://media.licdn.com/dms/image/v2/C4D03AQFo5S-bGmEfTA/profile-displayphoto-shrink_100_100/profile-displayphoto-shrink_100_100/0/1662990594767?e=2147483647&v=beta&t=1y8eAYQqtFrVHqNcpzXxXTXdMYc6B9QW16_GwGf3P9Q
"You uploaded a profile background photo on July 7, 2022 at 2:28 PM (GMT)", -,https://media.licdn.com/dms/image/v2/C4D04AQExIpckUvTcvA/profile-originalbackgroundimage-shrink_396_1584/profile-originalbackgroundimage-shrink_396_1584/0/1657204094016?e=1747872000&v=beta&t=ffWp924VtOMnjT_4CKUtJ4f2xzx5mB8lOfp-3FxckgE
"You uploaded a profile background photo on July 7, 2022 at 2:28 PM (GMT)", -,https://media.licdn.com/dms/image/v2/C4D16AQGEDDJdXrCaOQ/profile-displaybackgroundimage-shrink_200_800/profile-displaybackgroundimage-shrink_200_800/0/1657204094129?e=2147483647&v=beta&t=3EdsVRr_jVYPfeOyurkRrpgsQA7_VZ61GfcpJR5bxm0
"You uploaded a feed photo on May 27, 2022 at 10:43 AM (GMT)", -,https://media.licdn.com/dms/image/v2/C4D22AQG0DWRfib2nHw/feedshare-shrink_2048_1536/feedshare-shrink_2048_1536/0/1653648212370?e=2147483647&v=beta&t=l59m2cdrk2JyEXHwAEypIjv6UOhpQ3gnYAQqEfLJFKs
"You uploaded a document on March 22, 2021 at 2:16 PM (GMT)", -,https://media.licdn.com/dms/document/media/v2/C4E2DAQHY7jFVwzS08A/profile-treasury-document-pdf-analyzed/profile-treasury-document-pdf-analyzed/0/1616422601958?e=2147483647&v=beta&t=grzDEU379ecz-VvzQa3r0ychkTLd_wHrFsqxvUs9nV0
